<?xml version="1.0" encoding="UTF-8"?>
<metadata xml:lang="fr"><Esri><CreaDate>20150206</CreaDate><CreaTime>09405500</CreaTime><ArcGISFormat>1.0</ArcGISFormat><SyncOnce>FALSE</SyncOnce><DataProperties><lineage><Process ToolSource="c:\program files (x86)\arcgis\desktop10.2\ArcToolbox\Toolboxes\Data Management Tools.tbx\CalculateField" Date="20131118" Time="111842">CalculateField znieff2 sup round( !sup!,0) PYTHON_9.3 #</Process><Process ToolSource="c:\program files (x86)\arcgis\desktop10.2\ArcToolbox\Toolboxes\Analysis Tools.tbx\Erase" Date="20131118" Time="155514">Erase znieff2 znieff21n_Intersect "E:\projet\znieff\mise_a_jour\diffusion\rhones_alpes\Nouveau dossier\znieff2.shp" #</Process><Process ToolSource="c:\program files (x86)\arcgis\desktop10.2\ArcToolbox\Toolboxes\Analysis Tools.tbx\Erase" Date="20131118" Time="160245">Erase znieff2 znieff1_Merge1_Intersect "E:\projet\znieff\mise_a_jour\diffusion\rhones_alpes\Nouveau dossier\znieff2.shp" "0,01 Centimeters"</Process><Process ToolSource="c:\program files (x86)\arcgis\desktop10.2\ArcToolbox\Toolboxes\Data Management Tools.tbx\Append" Date="20131118" Time="160804">Append znieff2reg82 znieff2 NO_TEST "ID_MNHN "ID_MNHN" true false false 9 Text 0 0 ,First,#,E:\projet\znieff\mise_a_jour\diffusion\rhones_alpes\regionentiere\znieff2reg82.shp,ID_MNHN,-1,-1;ID_DIREN "ID_DIREN" true false false 12 Text 0 0 ,First,#,E:\projet\znieff\mise_a_jour\diffusion\rhones_alpes\regionentiere\znieff2reg82.shp,ID_DIREN,-1,-1;NOM "NOM" true false false 160 Text 0 0 ,First,#,E:\projet\znieff\mise_a_jour\diffusion\rhones_alpes\regionentiere\znieff2reg82.shp,NOM,-1,-1;GENERATION "GENERATION" true false false 1 Text 0 0 ,First,#,E:\projet\znieff\mise_a_jour\diffusion\rhones_alpes\regionentiere\znieff2reg82.shp,GENERATION,-1,-1;sup "sup" true false false 19 Double 0 0 ,First,#,E:\projet\znieff\mise_a_jour\diffusion\rhones_alpes\regionentiere\znieff2reg82.shp,sup,-1,-1" #</Process><Process ToolSource="c:\program files (x86)\arcgis\desktop10.2\ArcToolbox\Toolboxes\Data Management Tools.tbx\RepairGeometry" Date="20131118" Time="161258">RepairGeometry znieff2diffusable DELETE_NULL</Process><Process ToolSource="c:\program files (x86)\arcgis\desktop10.2\ArcToolbox\Toolboxes\Data Management Tools.tbx\Append" Date="20131120" Time="123323">Append ZNIEFF_type2_IDFregionvalides znieff2diffusable NO_TEST "ID_MNHN "ID_MNHN" true false false 9 Text 0 0 ,First,#,E:\projet\znieff\mise_a_jour\diffusion\iledefrance\region\ZNIEFF_type2_IDFregionvalides.shp,ID_MNHN,-1,-1;ID_DIREN "ID_DIREN" true false false 12 Text 0 0 ,First,#,E:\projet\znieff\mise_a_jour\diffusion\iledefrance\region\ZNIEFF_type2_IDFregionvalides.shp,ID_DIREN,-1,-1;NOM "NOM" true false false 160 Text 0 0 ,First,#,E:\projet\znieff\mise_a_jour\diffusion\iledefrance\region\ZNIEFF_type2_IDFregionvalides.shp,NOM,-1,-1;GENERATION "GENERATION" true false false 1 Text 0 0 ,First,#,E:\projet\znieff\mise_a_jour\diffusion\iledefrance\region\ZNIEFF_type2_IDFregionvalides.shp,GENERATION,-1,-1;sup "sup" true false false 19 Double 0 0 ,First,#,E:\projet\znieff\mise_a_jour\diffusion\iledefrance\region\ZNIEFF_type2_IDFregionvalides.shp,sup,-1,-1" #</Process><Process ToolSource="c:\program files (x86)\arcgis\desktop10.2\ArcToolbox\Toolboxes\Data Management Tools.tbx\Append" Date="20131120" Time="161217">Append couchediffuséesvalides1810_znieff2 znieff2diffusable NO_TEST "ID_MNHN "ID_MNHN" true false false 9 Text 0 0 ,First,#,E:\projet\znieff\mise_a_jour\centre\valide10182013_departemententier\couchediffuséesvalides1810_znieff2.shp,ID_MNHN,-1,-1;ID_DIREN "ID_DIREN" true false false 12 Text 0 0 ,First,#,E:\projet\znieff\mise_a_jour\centre\valide10182013_departemententier\couchediffuséesvalides1810_znieff2.shp,ID_DIREN,-1,-1;NOM "NOM" true false false 160 Text 0 0 ,First,#,E:\projet\znieff\mise_a_jour\centre\valide10182013_departemententier\couchediffuséesvalides1810_znieff2.shp,NOM,-1,-1;GENERATION "GENERATION" true false false 1 Text 0 0 ,First,#,E:\projet\znieff\mise_a_jour\centre\valide10182013_departemententier\couchediffuséesvalides1810_znieff2.shp,GENERATION,-1,-1;sup "sup" true false false 19 Double 0 0 ,First,#;comment "comment" true false false 50 Text 0 0 ,First,#" #</Process><Process ToolSource="c:\program files (x86)\arcgis\desktop10.2\ArcToolbox\Toolboxes\Data Management Tools.tbx\CalculateField" Date="20131120" Time="172107">CalculateField znieff2diffusable ID_MNHN "250006482" VB #</Process><Process ToolSource="c:\program files (x86)\arcgis\desktop10.2\ArcToolbox\Toolboxes\Data Management Tools.tbx\CalculateField" Date="20131120" Time="172120">CalculateField znieff2diffusable ID_DIREN "00110000" VB #</Process><Process ToolSource="c:\program files (x86)\arcgis\desktop10.2\ArcToolbox\Toolboxes\Data Management Tools.tbx\CalculateField" Date="20131120" Time="172129">CalculateField znieff2diffusable GENERATION 2 VB #</Process><Process ToolSource="c:\program files (x86)\arcgis\desktop10.2\ArcToolbox\Toolboxes\Data Management Tools.tbx\CalculateField" Date="20131120" Time="172144">CalculateField znieff2diffusable NOM "LA HAGUE" VB #</Process><Process ToolSource="c:\program files (x86)\arcgis\desktop10.2\ArcToolbox\Toolboxes\Data Management Tools.tbx\Append" Date="20131121" Time="095645">Append centre2 znieff2diffusable NO_TEST "ID_MNHN "ID_MNHN" true false false 9 Text 0 0 ,First,#,E:\projet\znieff\mise_a_jour\diffusion\sourceinpn\centre2.shp,ID_MNHN,-1,-1;ID_DIREN "ID_DIREN" true false false 12 Text 0 0 ,First,#,E:\projet\znieff\mise_a_jour\diffusion\sourceinpn\centre2.shp,ID_DIREN,-1,-1;NOM "NOM" true false false 160 Text 0 0 ,First,#,E:\projet\znieff\mise_a_jour\diffusion\sourceinpn\centre2.shp,NOM,-1,-1;GENERATION "GENERATION" true false false 1 Text 0 0 ,First,#,E:\projet\znieff\mise_a_jour\diffusion\sourceinpn\centre2.shp,GENERATION,-1,-1;sup "sup" true false false 19 Double 0 0 ,First,#" #</Process><Process ToolSource="c:\program files (x86)\arcgis\desktop10.2\ArcToolbox\Toolboxes\Data Management Tools.tbx\Append" Date="20131121" Time="123526">Append znieff2_52regvalide znieff2diffusable NO_TEST "ID_MNHN "ID_MNHN" true false false 9 Text 0 0 ,First,#,E:\projet\znieff\mise_a_jour\diffusion\pays de loire\region\valide\znieff2_52regvalide.shp,ID_MNHN,-1,-1;ID_DIREN "ID_DIREN" true false false 12 Text 0 0 ,First,#,E:\projet\znieff\mise_a_jour\diffusion\pays de loire\region\valide\znieff2_52regvalide.shp,ID_DIREN,-1,-1;NOM "NOM" true false false 160 Text 0 0 ,First,#,E:\projet\znieff\mise_a_jour\diffusion\pays de loire\region\valide\znieff2_52regvalide.shp,NOM,-1,-1;GENERATION "GENERATION" true false false 1 Text 0 0 ,First,#,E:\projet\znieff\mise_a_jour\diffusion\pays de loire\region\valide\znieff2_52regvalide.shp,GENERATION,-1,-1;sup "sup" true false false 19 Double 0 0 ,First,#,E:\projet\znieff\mise_a_jour\diffusion\pays de loire\region\valide\znieff2_52regvalide.shp,sup,-1,-1" #</Process><Process ToolSource="c:\program files (x86)\arcgis\desktop10.2\ArcToolbox\Toolboxes\Data Management Tools.tbx\RepairGeometry" Date="20131121" Time="135407">RepairGeometry znieff2diffusable DELETE_NULL</Process><Process ToolSource="c:\program files (x86)\arcgis\desktop10.2\ArcToolbox\Toolboxes\Data Management Tools.tbx\CalculateField" Date="20131121" Time="155213">CalculateField znieff2diffusable sup round( !sup!,0) PYTHON_9.3 #</Process><Process ToolSource="c:\program files (x86)\arcgis\desktop10.2\ArcToolbox\Toolboxes\Data Management Tools.tbx\CopyFeatures" Date="20131125" Time="120800">CopyFeatures znieff2diffusable E:\projet\znieff\mise_a_jour\diffusion\diffu18112013.mdb\znieff2diffusable # 0 0 0</Process><Process ToolSource="c:\program files (x86)\arcgis\desktop10.2\ArcToolbox\Toolboxes\Data Management Tools.tbx\CalculateField" Date="20131125" Time="120920">CalculateField znieff2diffusable ID_ORG [ID_DIREN] VB #</Process><Process ToolSource="c:\program files (x86)\arcgis\desktop10.2\ArcToolbox\Toolboxes\Data Management Tools.tbx\CopyFeatures" Date="20131125" Time="122301">CopyFeatures E:\projet\znieff\mise_a_jour\diffusion\diffu18112013.mdb\znieff2diffusable E:\projet\znieff\mise_a_jour\diffusion\znieff2diffusable.shp # 0 0 0</Process><Process ToolSource="c:\program files (x86)\arcgis\desktop10.2\ArcToolbox\Toolboxes\Analysis Tools.tbx\Erase" Date="20131126" Time="120525">Erase znieff2diffusable znieff1diffusable_Merge_Inte E:\projet\znieff\mise_a_jour\diffusion\valide\znieff2diffusablevalide.shp "0,01 Centimeters"</Process><Process ToolSource="c:\program files (x86)\arcgis\desktop10.2\ArcToolbox\Toolboxes\Data Management Tools.tbx\Append" Date="20131126" Time="120847">Append znieff2_tt_reg91 znieff2diffusablevalide NO_TEST "ID_MNHN "ID_MNHN" true false false 9 Text 0 0 ,First,#,E:\projet\znieff\mise_a_jour\diffusion\languedoc\region\dddd.mdb\dd\znieff2_tt_reg91,ID_MNHN,-1,-1;ID_ORG "ID_ORG" true false false 15 Text 0 0 ,First,#,E:\projet\znieff\mise_a_jour\diffusion\languedoc\region\dddd.mdb\dd\znieff2_tt_reg91,ID_ORG,-1,-1;NOM "NOM" true false false 160 Text 0 0 ,First,#,E:\projet\znieff\mise_a_jour\diffusion\languedoc\region\dddd.mdb\dd\znieff2_tt_reg91,NOM,-1,-1;GENERATION "GENERATION" true false false 1 Text 0 0 ,First,#,E:\projet\znieff\mise_a_jour\diffusion\languedoc\region\dddd.mdb\dd\znieff2_tt_reg91,GENERATION,-1,-1" #</Process><Process ToolSource="c:\program files (x86)\arcgis\desktop10.2\ArcToolbox\Toolboxes\Data Management Tools.tbx\RepairGeometry" Date="20131126" Time="121253">RepairGeometry znieff2diffusablevalide DELETE_NULL</Process><Process ToolSource="c:\program files (x86)\arcgis\desktop10.2\ArcToolbox\Toolboxes\Data Management Tools.tbx\Append" Date="20140325" Time="102919">Append znieff2co znieff2 NO_TEST "ID_MNHN "ID_MNHN" true false false 9 Text 0 0 ,First,#,znieff2co,ID_MNHN,-1,-1;ID_ORG "ID_ORG" true false false 15 Text 0 0 ,First,#,znieff2co,ID_ORG,-1,-1;NOM "NOM" true false false 160 Text 0 0 ,First,#,znieff2co,NOM,-1,-1;GENERATION "GENERATION" true false false 1 Text 0 0 ,First,#,znieff2co,GENERATION,-1,-1" #</Process><Process ToolSource="c:\program files (x86)\arcgis\desktop10.2\ArcToolbox\Toolboxes\Data Management Tools.tbx\RepairGeometry" Date="20140325" Time="103056">RepairGeometry znieff2 DELETE_NULL</Process><Process ToolSource="c:\program files (x86)\arcgis\desktop10.2\ArcToolbox\Toolboxes\Data Management Tools.tbx\CopyFeatures" Date="20140325" Time="114806">CopyFeatures E:\projet\znieff\mise_a_jour\diffusion\diffusion_2014\format\shape\znieff2.shp "E:\projet\znieff\mise_a_jour\diffusion\diffusion_2014\format\shape\Nouvelle géodatabase personnelle.mdb\l93\znieff2" # 0 0 0</Process><Process ToolSource="c:\program files (x86)\arcgis\desktop10.2\ArcToolbox\Toolboxes\Conversion Tools.tbx\FeatureClassToFeatureClass" Date="20140325" Time="121939">FeatureClassToFeatureClass "E:\projet\znieff\mise_a_jour\diffusion\diffusion_2014\format\shape\Nouvelle géodatabase personnelle.mdb\l93\znieff2" E:\projet\znieff\mise_a_jour\diffusion\diffusion_2014\format\shape znieff2.shp # "ID_MNHN "ID_MNHN" true true false 9 Text 0 0 ,First,#,E:\projet\znieff\mise_a_jour\diffusion\diffusion_2014\format\shape\Nouvelle géodatabase personnelle.mdb\l93\znieff2,ID_MNHN,-1,-1;ID_ORG "ID_ORG" true true false 15 Text 0 0 ,First,#,E:\projet\znieff\mise_a_jour\diffusion\diffusion_2014\format\shape\Nouvelle géodatabase personnelle.mdb\l93\znieff2,ID_ORG,-1,-1;NOM "NOM" true true false 160 Text 0 0 ,First,#,E:\projet\znieff\mise_a_jour\diffusion\diffusion_2014\format\shape\Nouvelle géodatabase personnelle.mdb\l93\znieff2,NOM,-1,-1;GENERATION "GENERATION" true true false 1 Text 0 0 ,First,#,E:\projet\znieff\mise_a_jour\diffusion\diffusion_2014\format\shape\Nouvelle géodatabase personnelle.mdb\l93\znieff2,GENERATION,-1,-1;Shape_Leng "Shape_Leng" false true true 8 Double 0 0 ,First,#,E:\projet\znieff\mise_a_jour\diffusion\diffusion_2014\format\shape\Nouvelle géodatabase personnelle.mdb\l93\znieff2,Shape_Length,-1,-1;Shape_Area "Shape_Area" false true true 8 Double 0 0 ,First,#,E:\projet\znieff\mise_a_jour\diffusion\diffusion_2014\format\shape\Nouvelle géodatabase personnelle.mdb\l93\znieff2,Shape_Area,-1,-1" #</Process><Process ToolSource="c:\program files (x86)\arcgis\desktop10.2\ArcToolbox\Toolboxes\Data Management Tools.tbx\RepairGeometry" Date="20140325" Time="122345">RepairGeometry znieff2 DELETE_NULL</Process><Process ToolSource="c:\program files (x86)\arcgis\desktop10.2\ArcToolbox\Toolboxes\Data Management Tools.tbx\Append" Date="20140515" Time="172049">Append ZNIEFF_type_2_avril_2014_region znieff2 NO_TEST "ID_MNHN "ID_MNHN" true false false 9 Text 0 0 ,First,#,ZNIEFF_type_2_avril_2014_region,ID_MNHN,-1,-1;ID_ORG "ID_ORG" true false false 15 Text 0 0 ,First,#,ZNIEFF_type_2_avril_2014_region,ID_ORG,-1,-1;NOM "NOM" true false false 160 Text 0 0 ,First,#,ZNIEFF_type_2_avril_2014_region,NOM,-1,-1;GENERATION "GENERATION" true false false 1 Text 0 0 ,First,#,ZNIEFF_type_2_avril_2014_region,GENERATION,-1,-1" #</Process><Process ToolSource="c:\program files (x86)\arcgis\desktop10.2\ArcToolbox\Toolboxes\Data Management Tools.tbx\Append" Date="20140516" Time="100612">Append znieff2_mp_valide znieff2 NO_TEST "ID_MNHN "ID_MNHN" true false false 9 Text 0 0 ,First,#,znieff2_mp_valide,ID_MNHN,-1,-1;ID_ORG "ID_ORG" true false false 15 Text 0 0 ,First,#,znieff2_mp_valide,ID_ORG,-1,-1;NOM "NOM" true false false 160 Text 0 0 ,First,#,znieff2_mp_valide,NOM,-1,-1;GENERATION "GENERATION" true false false 1 Text 0 0 ,First,#,znieff2_mp_valide,GENERATION,-1,-1" #</Process><Process ToolSource="c:\program files (x86)\arcgis\desktop10.2\ArcToolbox\Toolboxes\Data Management Tools.tbx\Append" Date="20140516" Time="143351">Append znieff2_reg25 znieff2 NO_TEST "ID_MNHN "ID_MNHN" true false false 9 Text 0 0 ,First,#,znieff2_reg25,ID_MNHN,-1,-1;ID_ORG "ID_ORG" true false false 15 Text 0 0 ,First,#,znieff2_reg25,ID_ORG,-1,-1;NOM "NOM" true false false 160 Text 0 0 ,First,#,znieff2_reg25,NOM,-1,-1;GENERATION "GENERATION" true false false 1 Text 0 0 ,First,#,znieff2_reg25,GENERATION,-1,-1" #</Process><Process ToolSource="c:\program files (x86)\arcgis\desktop10.2\ArcToolbox\Toolboxes\Data Management Tools.tbx\Append" Date="20140516" Time="161641">Append N_ZNIEFF2_R43_region znieff2 NO_TEST "ID_MNHN "ID_MNHN" true false false 9 Text 0 0 ,First,#,N_ZNIEFF2_R43_region,ID_MNHN,-1,-1;ID_ORG "ID_ORG" true false false 15 Text 0 0 ,First,#,N_ZNIEFF2_R43_region,ID_ORG,-1,-1;NOM "NOM" true false false 160 Text 0 0 ,First,#,N_ZNIEFF2_R43_region,NOM,-1,-1;GENERATION "GENERATION" true false false 1 Text 0 0 ,First,#,N_ZNIEFF2_R43_region,GENERATION,-1,-1" #</Process><Process ToolSource="c:\program files (x86)\arcgis\desktop10.2\ArcToolbox\Toolboxes\Data Management Tools.tbx\Append" Date="20140519" Time="131808">Append znieff2_reg25 znieff2N NO_TEST "ID_MNHN "ID_MNHN" true false false 9 Text 0 0 ,First,#,znieff2_reg25,ID_MNHN,-1,-1;ID_ORG "ID_ORG" true false false 15 Text 0 0 ,First,#,znieff2_reg25,ID_ORG,-1,-1;NOM "NOM" true false false 160 Text 0 0 ,First,#,znieff2_reg25,NOM,-1,-1;GENERATION "GENERATION" true false false 1 Text 0 0 ,First,#,znieff2_reg25,GENERATION,-1,-1" #</Process><Process ToolSource="c:\program files (x86)\arcgis\desktop10.2\ArcToolbox\Toolboxes\Data Management Tools.tbx\Append" Date="20140519" Time="143845">Append ZNIEFF2DECOUPREG znieff2N NO_TEST "ID_MNHN "ID_MNHN" true false false 9 Text 0 0 ,First,#,ZNIEFF2DECOUPREG,ID_MNHN,-1,-1;ID_ORG "ID_ORG" true false false 15 Text 0 0 ,First,#,ZNIEFF2DECOUPREG,ID_ORG,-1,-1;NOM "NOM" true false false 160 Text 0 0 ,First,#,ZNIEFF2DECOUPREG,NOM,-1,-1;GENERATION "GENERATION" true false false 1 Text 0 0 ,First,#,ZNIEFF2DECOUPREG,GENERATION,-1,-1" #</Process><Process ToolSource="c:\program files (x86)\arcgis\desktop10.2\ArcToolbox\Toolboxes\Data Management Tools.tbx\Append" Date="20140520" Time="111237">Append znieff2regdiffuse znieff2N NO_TEST "ID_MNHN "ID_MNHN" true false false 9 Text 0 0 ,First,#,znieff2regdiffuse,ID_MNHN,-1,-1;ID_ORG "ID_ORG" true false false 15 Text 0 0 ,First,#,znieff2regdiffuse,ID_ORG,-1,-1;NOM "NOM" true false false 160 Text 0 0 ,First,#,znieff2regdiffuse,NOM,-1,-1;GENERATION "GENERATION" true false false 1 Text 0 0 ,First,#,znieff2regdiffuse,GENERATION,-1,-1" #</Process><Process ToolSource="c:\program files (x86)\arcgis\desktop10.2\ArcToolbox\Toolboxes\Data Management Tools.tbx\CalculateField" Date="20140520" Time="111820">CalculateField znieff2N GENERATION 2 VB #</Process><Process ToolSource="c:\program files (x86)\arcgis\desktop10.2\ArcToolbox\Toolboxes\Data Management Tools.tbx\CalculateField" Date="20140520" Time="111834">CalculateField znieff2N GENERATION 2 VB #</Process><Process ToolSource="c:\program files (x86)\arcgis\desktop10.2\ArcToolbox\Toolboxes\Data Management Tools.tbx\CalculateField" Date="20140520" Time="112119">CalculateField znieff2N GENERATION 1 VB #</Process><Process ToolSource="c:\program files (x86)\arcgis\desktop10.2\ArcToolbox\Toolboxes\Data Management Tools.tbx\CalculateField" Date="20140520" Time="112848">CalculateField znieff2N GENERATION 1 VB #</Process><Process ToolSource="c:\program files (x86)\arcgis\desktop10.2\ArcToolbox\Toolboxes\Data Management Tools.tbx\CalculateField" Date="20140520" Time="112906">CalculateField znieff2N GENERATION 2 VB #</Process><Process ToolSource="c:\program files (x86)\arcgis\desktop10.2\ArcToolbox\Toolboxes\Data Management Tools.tbx\Append" Date="20140522" Time="105851">Append ZNIEFF_2region72 znieff2N NO_TEST "ID_MNHN "ID_MNHN" true false false 9 Text 0 0 ,First,#,ZNIEFF_2region72,ID_MNHN,-1,-1;ID_ORG "ID_ORG" true false false 15 Text 0 0 ,First,#,ZNIEFF_2region72,ID_ORG,-1,-1;NOM "NOM" true false false 160 Text 0 0 ,First,#,ZNIEFF_2region72,NOM,-1,-1;GENERATION "GENERATION" true false false 1 Text 0 0 ,First,#,ZNIEFF_2region72,GENERATION,-1,-1" #</Process><Process ToolSource="c:\program files (x86)\arcgis\desktop10.2\ArcToolbox\Toolboxes\Data Management Tools.tbx\CalculateField" Date="20140522" Time="110129">CalculateField znieff2N gg [GENERATION] VB #</Process><Process ToolSource="c:\program files (x86)\arcgis\desktop10.2\ArcToolbox\Toolboxes\Data Management Tools.tbx\CalculateField" Date="20140522" Time="110155">CalculateField znieff2N GENERATION [gg] VB #</Process><Process ToolSource="c:\program files (x86)\arcgis\desktop10.2\ArcToolbox\Toolboxes\Data Management Tools.tbx\CopyFeatures" Date="20140523" Time="093325">CopyFeatures znieff2N E:\projet\znieff\mise_a_jour\diffusion\diffusion_2014\erreurnationale\topo.mdb\topo\znieff2N # 0 0 0</Process><Process ToolSource="c:\program files (x86)\arcgis\desktop10.2\ArcToolbox\Toolboxes\Data Management Tools.tbx\RepairGeometry" Date="20140526" Time="130659">RepairGeometry znieff2 DELETE_NULL</Process><Process ToolSource="c:\program files (x86)\arcgis\desktop10.2\ArcToolbox\Toolboxes\Data Management Tools.tbx\CalculateField" Date="20140526" Time="132027">CalculateField znieff2 NOM !NOM!.upper() PYTHON_9.3 #</Process><Process ToolSource="c:\program files (x86)\arcgis\desktop10.2\ArcToolbox\Toolboxes\Data Management Tools.tbx\CalculateField" Date="20140528" Time="093824">CalculateField znieff2 etat n VB #</Process><Process ToolSource="c:\program files (x86)\arcgis\desktop10.2\ArcToolbox\Toolboxes\Data Management Tools.tbx\CalculateField" Date="20140528" Time="093858">CalculateField znieff2 etat "n" VB #</Process><Process ToolSource="c:\program files (x86)\arcgis\desktop10.2\ArcToolbox\Toolboxes\Data Management Tools.tbx\CalculateField" Date="20140528" Time="101311">CalculateField znieff2 etat "" VB #</Process><Process ToolSource="c:\program files (x86)\arcgis\desktop10.2\ArcToolbox\Toolboxes\Data Management Tools.tbx\AddField" Date="20140606" Time="113044">AddField znieff2B controle TEXT # # 8 # NULLABLE NON_REQUIRED #</Process><Process ToolSource="c:\program files (x86)\arcgis\desktop10.2\ArcToolbox\Toolboxes\Data Management Tools.tbx\CalculateField" Date="20140618" Time="153925">CalculateField znieff2 type 2 VB #</Process><Process ToolSource="c:\program files (x86)\arcgis\desktop10.2\ArcToolbox\Toolboxes\Data Management Tools.tbx\CalculateField" Date="20140619" Time="101713">CalculateField znieff2 NOM !NOM!.upper() PYTHON_9.3 #</Process><Process ToolSource="c:\program files (x86)\arcgis\desktop10.2\ArcToolbox\Toolboxes\Data Management Tools.tbx\CopyFeatures" Date="20140619" Time="152419">CopyFeatures znieff2 "E:\projet\znieff\mise_a_jour\diffusion\diffusion_2014\couche_national_autiliser\Nouvelle géodatabase personnelle.mdb\l9\znieff2" # 0 0 0</Process><Process ToolSource="c:\program files (x86)\arcgis\desktop10.2\ArcToolbox\Toolboxes\Conversion Tools.tbx\FeatureClassToFeatureClass" Date="20140619" Time="154705">FeatureClassToFeatureClass "E:\projet\znieff\mise_a_jour\diffusion\diffusion_2014\couche_national_autiliser\Nouvelle géodatabase personnelle.mdb\l9\znieff2" E:\projet\znieff\mise_a_jour\diffusion\diffusion_2014\couche_national_autiliser znieff2.shp # "ID_MNHN "ID_MNHN" true true false 9 Text 0 0 ,First,#,E:\projet\znieff\mise_a_jour\diffusion\diffusion_2014\couche_national_autiliser\Nouvelle géodatabase personnelle.mdb\l9\znieff2,ID_MNHN,-1,-1;ID_ORG "ID_ORG" true true false 15 Text 0 0 ,First,#,E:\projet\znieff\mise_a_jour\diffusion\diffusion_2014\couche_national_autiliser\Nouvelle géodatabase personnelle.mdb\l9\znieff2,ID_ORG,-1,-1;NOM "NOM" true true false 160 Text 0 0 ,First,#,E:\projet\znieff\mise_a_jour\diffusion\diffusion_2014\couche_national_autiliser\Nouvelle géodatabase personnelle.mdb\l9\znieff2,NOM,-1,-1;GENERATION "GENERATION" true true false 2 Short 0 0 ,First,#,E:\projet\znieff\mise_a_jour\diffusion\diffusion_2014\couche_national_autiliser\Nouvelle géodatabase personnelle.mdb\l9\znieff2,GENERATION,-1,-1;Shape_Leng "Shape_Leng" false true true 8 Double 0 0 ,First,#,E:\projet\znieff\mise_a_jour\diffusion\diffusion_2014\couche_national_autiliser\Nouvelle géodatabase personnelle.mdb\l9\znieff2,Shape_Length,-1,-1;Shape_Area "Shape_Area" false true true 8 Double 0 0 ,First,#,E:\projet\znieff\mise_a_jour\diffusion\diffusion_2014\couche_national_autiliser\Nouvelle géodatabase personnelle.mdb\l9\znieff2,Shape_Area,-1,-1" #</Process><Process ToolSource="c:\program files (x86)\arcgis\desktop10.2\ArcToolbox\Toolboxes\Data Management Tools.tbx\RepairGeometry" Date="20140619" Time="155635">RepairGeometry znieff2 DELETE_NULL</Process><Process ToolSource="c:\program files (x86)\arcgis\desktop10.2\ArcToolbox\Toolboxes\Data Management Tools.tbx\Append" Date="20140722" Time="152500">Append znieff2_reg25VALID znieff2 NO_TEST "ID_MNHN "ID_MNHN" true false false 9 Text 0 0 ,First,#,znieff2_reg25VALID,ID_MNHN,-1,-1;ID_ORG "ID_ORG" true false false 15 Text 0 0 ,First,#,znieff2_reg25VALID,ID_ORG,-1,-1;NOM "NOM" true false false 160 Text 0 0 ,First,#,znieff2_reg25VALID,NOM,-1,-1;GENERATION "GENERATION" true false false 4 Short 0 4 ,First,#,znieff2_reg25VALID,GENERATION,-1,-1;fgevol "fgevol" true false false 10 Text 0 0 ,First,#,znieff2_reg25VALID,fgevol,-1,-1" #</Process><Process ToolSource="c:\program files (x86)\arcgis\desktop10.2\ArcToolbox\Toolboxes\Data Management Tools.tbx\Append" Date="20140722" Time="152519">Append znieff2_10062014 znieff2 NO_TEST "ID_MNHN "ID_MNHN" true false false 9 Text 0 0 ,First,#,znieff2_10062014,ID_MNHN,-1,-1;ID_ORG "ID_ORG" true false false 15 Text 0 0 ,First,#,znieff2_10062014,ID_ORG,-1,-1;NOM "NOM" true false false 160 Text 0 0 ,First,#,znieff2_10062014,NOM,-1,-1;GENERATION "GENERATION" true false false 4 Short 0 4 ,First,#,znieff2_10062014,GENERATION,-1,-1;fgevol "fgevol" true false false 10 Text 0 0 ,First,#,znieff2_10062014,fgevol,-1,-1" #</Process><Process ToolSource="c:\program files (x86)\arcgis\desktop10.2\ArcToolbox\Toolboxes\Data Management Tools.tbx\RepairGeometry" Date="20140723" Time="101501">RepairGeometry znieff2 DELETE_NULL</Process><Process ToolSource="c:\program files (x86)\arcgis\desktop10.2\ArcToolbox\Toolboxes\Data Management Tools.tbx\CopyFeatures" Date="20140723" Time="102306">CopyFeatures znieff2 "E:\projet\znieff\mise_a_jour\diffusion\basedetravail\Nouvelle géodatabase personnelle.mdb\l93\znieff2" # 0 0 0</Process><Process ToolSource="c:\program files (x86)\arcgis\desktop10.2\ArcToolbox\Toolboxes\Data Management Tools.tbx\CopyFeatures" Date="20140723" Time="111614">CopyFeatures "E:\projet\znieff\mise_a_jour\diffusion\basedetravail\Nouvelle géodatabase personnelle.mdb\l93\znieff2" E:\projet\znieff\mise_a_jour\diffusion\basedetravail\znieff2.shp # 0 0 0</Process><Process ToolSource="c:\program files (x86)\arcgis\desktop10.2\ArcToolbox\Toolboxes\Data Management Tools.tbx\CalculateField" Date="20140724" Time="095403">CalculateField znieff2 ID_MNHN "250002602" VB #</Process><Process ToolSource="c:\program files (x86)\arcgis\desktop10.2\ArcToolbox\Toolboxes\Data Management Tools.tbx\CalculateField" Date="20140724" Time="101611">CalculateField znieff2 NOM !NOM!.upper() PYTHON_9.3 #</Process><Process ToolSource="c:\program files (x86)\arcgis\desktop10.2\ArcToolbox\Toolboxes\Data Management Tools.tbx\Append" Date="20140922" Time="173924">Append znieff2_valid znieff2 NO_TEST "ID_MNHN "ID_MNHN" true false false 9 Text 0 0 ,First,#,znieff2_valid,ID_MNHN,-1,-1;ID_ORG "ID_ORG" true false false 15 Text 0 0 ,First,#,znieff2_valid,ID_ORG,-1,-1;NOM "NOM" true false false 160 Text 0 0 ,First,#,znieff2_valid,NOM,-1,-1;GENERATION "GENERATION" true false false 4 Short 0 4 ,First,#,znieff2_valid,GENERATION,-1,-1" #</Process><Process ToolSource="c:\program files (x86)\arcgis\desktop10.2\ArcToolbox\Toolboxes\Data Management Tools.tbx\Append" Date="20140922" Time="180140">Append znieff2_valid znieff2 NO_TEST "ID_MNHN "ID_MNHN" true false false 9 Text 0 0 ,First,#,znieff2_valid,ID_MNHN,-1,-1;ID_ORG "ID_ORG" true false false 15 Text 0 0 ,First,#,znieff2_valid,ID_ORG,-1,-1;NOM "NOM" true false false 160 Text 0 0 ,First,#,znieff2_valid,NOM,-1,-1;GENERATION "GENERATION" true false false 4 Short 0 4 ,First,#,znieff2_valid,GENERATION,-1,-1" #</Process><Process ToolSource="c:\program files (x86)\arcgis\desktop10.2\ArcToolbox\Toolboxes\Data Management Tools.tbx\CalculateField" Date="20140923" Time="120930">CalculateField znieff2 NOM !NOM!.upper() PYTHON_9.3 #</Process><Process ToolSource="c:\program files (x86)\arcgis\desktop10.2\ArcToolbox\Toolboxes\Data Management Tools.tbx\CalculateField" Date="20140923" Time="121048">CalculateField znieff2 NOM !NOM!.strip() PYTHON_9.3 #</Process><Process ToolSource="c:\program files (x86)\arcgis\desktop10.2\ArcToolbox\Toolboxes\Data Management Tools.tbx\RepairGeometry" Date="20140923" Time="165330">RepairGeometry znieff2 DELETE_NULL</Process><Process ToolSource="c:\program files (x86)\arcgis\desktop10.2\ArcToolbox\Toolboxes\Data Management Tools.tbx\Append" Date="20141127" Time="141900">Append znieff2centre znieff2 NO_TEST "ID_MNHN "ID_MNHN" true false false 9 Text 0 0 ,First,#,znieff2centre,ID_MNHN,-1,-1;ID_ORG "ID_ORG" true false false 15 Text 0 0 ,First,#,znieff2centre,ID_ORG,-1,-1;NOM "NOM" true false false 160 Text 0 0 ,First,#,znieff2centre,NOM,-1,-1;GENERATION "GENERATION" true false false 4 Short 0 4 ,First,#,znieff2centre,GENERATION,-1,-1" #</Process><Process ToolSource="c:\program files (x86)\arcgis\desktop10.2\ArcToolbox\Toolboxes\Data Management Tools.tbx\CalculateField" Date="20141202" Time="165903">CalculateField znieff2 NOM !NOM!.upper() PYTHON_9.3 #</Process><Process ToolSource="c:\program files (x86)\arcgis\desktop10.2\ArcToolbox\Toolboxes\Data Management Tools.tbx\CopyFeatures" Date="20141203" Time="100355">CopyFeatures znieff2 "D:\HDD_D\projet\znieff\mise_a_jour\diffusion\basedetravail\Nouvelle géodatabase personnelle.mdb\l93\znieff2" # 0 0 0</Process><Process ToolSource="c:\program files (x86)\arcgis\desktop10.2\ArcToolbox\Toolboxes\Conversion Tools.tbx\FeatureClassToFeatureClass" Date="20141203" Time="135524">FeatureClassToFeatureClass "D:\HDD_D\projet\znieff\mise_a_jour\diffusion\basedetravail\Nouvelle géodatabase personnelle.mdb\l93\znieff2" D:\HDD_D\projet\znieff\mise_a_jour\diffusion\basedetravail znieff2.shp # "ID_MNHN "ID_MNHN" true true false 9 Text 0 0 ,First,#,D:\HDD_D\projet\znieff\mise_a_jour\diffusion\basedetravail\Nouvelle géodatabase personnelle.mdb\l93\znieff2,ID_MNHN,-1,-1;ID_ORG "ID_ORG" true true false 15 Text 0 0 ,First,#,D:\HDD_D\projet\znieff\mise_a_jour\diffusion\basedetravail\Nouvelle géodatabase personnelle.mdb\l93\znieff2,ID_ORG,-1,-1;NOM "NOM" true true false 160 Text 0 0 ,First,#,D:\HDD_D\projet\znieff\mise_a_jour\diffusion\basedetravail\Nouvelle géodatabase personnelle.mdb\l93\znieff2,NOM,-1,-1;GENERATION "GENERATION" true true false 2 Short 0 0 ,First,#,D:\HDD_D\projet\znieff\mise_a_jour\diffusion\basedetravail\Nouvelle géodatabase personnelle.mdb\l93\znieff2,GENERATION,-1,-1;Shape_Leng "Shape_Leng" false true true 8 Double 0 0 ,First,#,D:\HDD_D\projet\znieff\mise_a_jour\diffusion\basedetravail\Nouvelle géodatabase personnelle.mdb\l93\znieff2,Shape_Length,-1,-1;Shape_Area "Shape_Area" false true true 8 Double 0 0 ,First,#,D:\HDD_D\projet\znieff\mise_a_jour\diffusion\basedetravail\Nouvelle géodatabase personnelle.mdb\l93\znieff2,Shape_Area,-1,-1" #</Process><Process ToolSource="c:\program files (x86)\arcgis\desktop10.2\ArcToolbox\Toolboxes\Data Management Tools.tbx\AddField" Date="20150123" Time="144909">AddField znieff2 P_FGEVOL TEXT # # 8 # NULLABLE NON_REQUIRED #</Process><Process ToolSource="c:\program files (x86)\arcgis\desktop10.2\ArcToolbox\Toolboxes\Data Management Tools.tbx\AddField" Date="20150123" Time="144909">AddField znieff2 R_FGEVOL TEXT # # 8 # NULLABLE NON_REQUIRED #</Process><Process ToolSource="c:\program files (x86)\arcgis\desktop10.2\ArcToolbox\Toolboxes\Data Management Tools.tbx\AddField" Date="20150123" Time="144909">AddField znieff2 TY TEXT # # 8 # NULLABLE NON_REQUIRED #</Process><Process ToolSource="c:\program files (x86)\arcgis\desktop10.2\ArcToolbox\Toolboxes\Data Management Tools.tbx\AddField" Date="20150123" Time="144909">AddField znieff2 controle TEXT # # 8 # NULLABLE NON_REQUIRED #</Process><Process ToolSource="c:\program files (x86)\arcgis\desktop10.2\ArcToolbox\Toolboxes\Data Management Tools.tbx\AddField" Date="20150123" Time="144909">AddField znieff2 SURF_SIG DOUBLE 12 2 # # NULLABLE NON_REQUIRED #</Process><Process ToolSource="c:\program files (x86)\arcgis\desktop10.2\ArcToolbox\Toolboxes\Data Management Tools.tbx\AddField" Date="20150123" Time="144909">AddField znieff2 SURF_BDD DOUBLE 12 2 # # NULLABLE NON_REQUIRED #</Process><Process ToolSource="c:\program files (x86)\arcgis\desktop10.2\ArcToolbox\Toolboxes\Data Management Tools.tbx\CalculateField" Date="20150123" Time="144911">CalculateField znieff2 SURF_SIG !shape.area@hectares! PYTHON_9.3 #</Process><Process ToolSource="c:\program files (x86)\arcgis\desktop10.2\ArcToolbox\Toolboxes\Data Management Tools.tbx\Append" Date="20150126" Time="104343">Append znieff2_fc_valid znieff2 NO_TEST "ID_MNHN "ID_MNHN" true false false 9 Text 0 0 ,First,#,znieff2_fc_valid,ID_MNHN,-1,-1;ID_ORG "ID_ORG" true false false 15 Text 0 0 ,First,#,znieff2_fc_valid,ID_ORG,-1,-1;NOM "NOM" true false false 160 Text 0 0 ,First,#,znieff2_fc_valid,NOM,-1,-1;GENERATION "GENERATION" true false false 4 Short 0 4 ,First,#,znieff2_fc_valid,GENERATION,-1,-1;P_FGEVOL "P_FGEVOL" true false false 8 Text 0 0 ,First,#;R_FGEVOL "R_FGEVOL" true false false 8 Text 0 0 ,First,#;TY "TY" true false false 8 Text 0 0 ,First,#;controle "controle" true false false 8 Text 0 0 ,First,#;SURF_SIG "SURF_SIG" true false false 13 Double 2 12 ,First,#;SURF_BDD "SURF_BDD" true false false 13 Double 2 12 ,First,#" #</Process><Process ToolSource="c:\program files (x86)\arcgis\desktop10.2\ArcToolbox\Toolboxes\Data Management Tools.tbx\DeleteField" Date="20150129" Time="094412">DeleteField znieff2 P_FGEVOL;R_FGEVOL;TY;controle;SURF_SIG;SURF_BDD</Process><Process ToolSource="c:\program files (x86)\arcgis\desktop10.2\ArcToolbox\Toolboxes\Data Management Tools.tbx\AddField" Date="20150129" Time="100627">AddField znieff2 surfpo DOUBLE # # # # NULLABLE NON_REQUIRED #</Process><Process ToolSource="c:\program files (x86)\arcgis\desktop10.2\ArcToolbox\Toolboxes\Data Management Tools.tbx\CalculateField" Date="20150129" Time="100628">CalculateField znieff2 surfpo !shape.area@hectares! PYTHON_9.3 #</Process><Process ToolSource="c:\program files (x86)\arcgis\desktop10.2\ArcToolbox\Toolboxes\Data Management Tools.tbx\DeleteField" Date="20150129" Time="100637">DeleteField znieff2 surfpo</Process><Process ToolSource="c:\program files (x86)\arcgis\desktop10.2\ArcToolbox\Toolboxes\Data Management Tools.tbx\CalculateField" Date="20150130" Time="143854">CalculateField znieff2 NOM !ID_MNHN!.upper() PYTHON_9.3 #</Process><Process ToolSource="c:\program files (x86)\arcgis\desktop10.2\ArcToolbox\Toolboxes\Data Management Tools.tbx\CalculateField" Date="20150130" Time="145008">CalculateField znieff2 NOM !NOM!.upper() PYTHON_9.3 #</Process><Process ToolSource="c:\program files (x86)\arcgis\desktop10.2\ArcToolbox\Toolboxes\Data Management Tools.tbx\AddSpatialIndex" Date="20150205" Time="094934">AddSpatialIndex znieff2 0 0 0</Process><Process ToolSource="c:\program files (x86)\arcgis\desktop10.2\ArcToolbox\Toolboxes\Data Management Tools.tbx\CopyFeatures" Date="20150205" Time="113741">CopyFeatures D:\HDD_D\projet\znieff\mise_a_jour\diffusion\basedetravail\znieff2.shp "D:\HDD_D\projet\znieff\mise_a_jour\diffusion\basedetravail\Nouvelle géodatabase personnelle.mdb\l93\znieff2" # 0 0 0</Process><Process ToolSource="c:\program files (x86)\arcgis\desktop10.2\ArcToolbox\Toolboxes\Conversion Tools.tbx\FeatureClassToFeatureClass" Date="20150205" Time="114711">FeatureClassToFeatureClass "D:\HDD_D\projet\znieff\mise_a_jour\diffusion\basedetravail\Nouvelle géodatabase personnelle.mdb\l93\znieff2" D:\HDD_D\projet\znieff\mise_a_jour\diffusion\basedetravail znieff2.shp # "ID_MNHN "ID_MNHN" true true false 9 Text 0 0 ,First,#,D:\HDD_D\projet\znieff\mise_a_jour\diffusion\basedetravail\Nouvelle géodatabase personnelle.mdb\l93\znieff2,ID_MNHN,-1,-1;ID_ORG "ID_ORG" true true false 15 Text 0 0 ,First,#,D:\HDD_D\projet\znieff\mise_a_jour\diffusion\basedetravail\Nouvelle géodatabase personnelle.mdb\l93\znieff2,ID_ORG,-1,-1;NOM "NOM" true true false 160 Text 0 0 ,First,#,D:\HDD_D\projet\znieff\mise_a_jour\diffusion\basedetravail\Nouvelle géodatabase personnelle.mdb\l93\znieff2,NOM,-1,-1;GENERATION "GENERATION" true true false 2 Short 0 0 ,First,#,D:\HDD_D\projet\znieff\mise_a_jour\diffusion\basedetravail\Nouvelle géodatabase personnelle.mdb\l93\znieff2,GENERATION,-1,-1;Shape_Leng "Shape_Leng" false true true 8 Double 0 0 ,First,#,D:\HDD_D\projet\znieff\mise_a_jour\diffusion\basedetravail\Nouvelle géodatabase personnelle.mdb\l93\znieff2,Shape_Length,-1,-1;Shape_Area "Shape_Area" false true true 8 Double 0 0 ,First,#,D:\HDD_D\projet\znieff\mise_a_jour\diffusion\basedetravail\Nouvelle géodatabase personnelle.mdb\l93\znieff2,Shape_Area,-1,-1" #</Process><Process ToolSource="c:\program files (x86)\arcgis\desktop10.2\ArcToolbox\Toolboxes\Data Management Tools.tbx\AddField" Date="20150205" Time="145534">AddField znieff2 P_FGEVOL TEXT # # 8 # NULLABLE NON_REQUIRED #</Process><Process ToolSource="c:\program files (x86)\arcgis\desktop10.2\ArcToolbox\Toolboxes\Data Management Tools.tbx\AddField" Date="20150205" Time="145538">AddField znieff2 R_FGEVOL TEXT # # 8 # NULLABLE NON_REQUIRED #</Process><Process ToolSource="c:\program files (x86)\arcgis\desktop10.2\ArcToolbox\Toolboxes\Data Management Tools.tbx\AddField" Date="20150205" Time="145538">AddField znieff2 TY TEXT # # 8 # NULLABLE NON_REQUIRED #</Process><Process ToolSource="c:\program files (x86)\arcgis\desktop10.2\ArcToolbox\Toolboxes\Data Management Tools.tbx\AddField" Date="20150205" Time="145538">AddField znieff2 controle TEXT # # 8 # NULLABLE NON_REQUIRED #</Process><Process ToolSource="c:\program files (x86)\arcgis\desktop10.2\ArcToolbox\Toolboxes\Data Management Tools.tbx\AddField" Date="20150205" Time="145538">AddField znieff2 SURF_SIG DOUBLE 12 2 # # NULLABLE NON_REQUIRED #</Process><Process ToolSource="c:\program files (x86)\arcgis\desktop10.2\ArcToolbox\Toolboxes\Data Management Tools.tbx\AddField" Date="20150205" Time="145538">AddField znieff2 SURF_BDD DOUBLE 12 2 # # NULLABLE NON_REQUIRED #</Process><Process ToolSource="c:\program files (x86)\arcgis\desktop10.2\ArcToolbox\Toolboxes\Data Management Tools.tbx\CalculateField" Date="20150205" Time="145540">CalculateField znieff2 SURF_SIG !shape.area@hectares! PYTHON_9.3 #</Process><Process ToolSource="c:\program files (x86)\arcgis\desktop10.2\ArcToolbox\Toolboxes\Data Management Tools.tbx\RepairGeometry" Date="20150205" Time="160545">RepairGeometry znieff2 DELETE_NULL</Process><Process ToolSource="c:\program files (x86)\arcgis\desktop10.2\ArcToolbox\Toolboxes\Data Management Tools.tbx\DeleteField" Date="20150206" Time="093926">DeleteField znieff2 P_FGEVOL;R_FGEVOL;TY;controle;SURF_SIG;SURF_BDD</Process></lineage><itemProps><itemName Sync="TRUE">znieff2</itemName><imsContentType Sync="TRUE">002</imsContentType><itemSize Sync="TRUE">0.000</itemSize><itemLocation><linkage Sync="TRUE">file://\\EGB308LEF\D$\HDD_D\projet\znieff\mise_a_jour\diffusion\basedetravail\2201_2015\format\shp\znieff2</linkage><protocol Sync="TRUE">Local Area Network</protocol></itemLocation></itemProps><coordRef><type Sync="TRUE">Projected</type><geogcsn Sync="TRUE">GCS_RGF_1993</geogcsn><csUnits Sync="TRUE">Linear Unit: Meter (1.000000)</csUnits><projcsn Sync="TRUE">RGF_1993_Lambert_93</projcsn><peXml Sync="TRUE">&lt;ProjectedCoordinateSystem xsi:type='typens:ProjectedCoordinateSystem' xmlns:xsi='http://www.w3.org/2001/XMLSchema-instance' xmlns:xs='http://www.w3.org/2001/XMLSchema' xmlns:typens='http://www.esri.com/schemas/ArcGIS/10.1'&gt;&lt;WKT&gt;PROJCS[&amp;quot;RGF_1993_Lambert_93&amp;quot;,GEOGCS[&amp;quot;GCS_RGF_1993&amp;quot;,DATUM[&amp;quot;D_RGF_1993&amp;quot;,SPHEROID[&amp;quot;GRS_1980&amp;quot;,6378137.0,298.257222101]],PRIMEM[&amp;quot;Greenwich&amp;quot;,0.0],UNIT[&amp;quot;Degree&amp;quot;,0.0174532925199433]],PROJECTION[&amp;quot;Lambert_Conformal_Conic&amp;quot;],PARAMETER[&amp;quot;False_Easting&amp;quot;,700000.0],PARAMETER[&amp;quot;False_Northing&amp;quot;,6600000.0],PARAMETER[&amp;quot;Central_Meridian&amp;quot;,3.0],PARAMETER[&amp;quot;Standard_Parallel_1&amp;quot;,44.0],PARAMETER[&amp;quot;Standard_Parallel_2&amp;quot;,49.0],PARAMETER[&amp;quot;Latitude_Of_Origin&amp;quot;,46.5],UNIT[&amp;quot;Meter&amp;quot;,1.0],AUTHORITY[&amp;quot;EPSG&amp;quot;,2154]]&lt;/WKT&gt;&lt;XOrigin&gt;-35597500&lt;/XOrigin&gt;&lt;YOrigin&gt;-23641900&lt;/YOrigin&gt;&lt;XYScale&gt;124074650.52332792&lt;/XYScale&gt;&lt;ZOrigin&gt;-100000&lt;/ZOrigin&gt;&lt;ZScale&gt;10000&lt;/ZScale&gt;&lt;MOrigin&gt;-100000&lt;/MOrigin&gt;&lt;MScale&gt;10000&lt;/MScale&gt;&lt;XYTolerance&gt;0.001&lt;/XYTolerance&gt;&lt;ZTolerance&gt;0.001&lt;/ZTolerance&gt;&lt;MTolerance&gt;0.001&lt;/MTolerance&gt;&lt;HighPrecision&gt;true&lt;/HighPrecision&gt;&lt;WKID&gt;102110&lt;/WKID&gt;&lt;LatestWKID&gt;2154&lt;/LatestWKID&gt;&lt;/ProjectedCoordinateSystem&gt;</peXml></coordRef><copyHistory><copy source="D:\HDD_D\projet\znieff\mise_a_jour\diffusion\basedetravail\znieff2" dest="\\EGB308LEF\D$\HDD_D\projet\znieff\mise_a_jour\diffusion\basedetravail\2201_2015\format\shp\znieff2" date="20150206" time="09405500"></copy></copyHistory></DataProperties><SyncDate>20150205</SyncDate><SyncTime>11471000</SyncTime><ModDate>20150205</ModDate><ModTime>11471000</ModTime></Esri><dataIdInfo><envirDesc Sync="TRUE">Microsoft Windows 7 Version 6.1 (Build 7601) Service Pack 1; Esri ArcGIS 10.2.2.3552</envirDesc><dataLang><languageCode value="fra" Sync="TRUE"></languageCode><countryCode value="FRA" Sync="TRUE"></countryCode></dataLang><idCitation><resTitle Sync="TRUE">znieff2</resTitle><presForm><PresFormCd value="005" Sync="TRUE"></PresFormCd></presForm></idCitation><spatRpType><SpatRepTypCd value="001" Sync="TRUE"></SpatRepTypCd></spatRpType></dataIdInfo><mdLang><languageCode value="fra" Sync="TRUE"></languageCode><countryCode value="FRA" Sync="TRUE"></countryCode></mdLang><mdChar><CharSetCd value="004" Sync="TRUE"></CharSetCd></mdChar><distInfo><distFormat><formatName Sync="TRUE">Fichier de formes</formatName></distFormat><distTranOps><transSize Sync="TRUE">0.000</transSize></distTranOps></distInfo><mdHrLv><ScopeCd value="005" Sync="TRUE"></ScopeCd></mdHrLv><mdHrLvName Sync="TRUE">dataset</mdHrLvName><refSysInfo><RefSystem><refSysID><identCode code="2154" Sync="TRUE"></identCode><idCodeSpace Sync="TRUE">EPSG</idCodeSpace><idVersion Sync="TRUE">8.2.6</idVersion></refSysID></RefSystem></refSysInfo><spatRepInfo><VectSpatRep><geometObjs Name="znieff2"><geoObjTyp><GeoObjTypCd value="002" Sync="TRUE"></GeoObjTypCd></geoObjTyp><geoObjCnt Sync="TRUE">0</geoObjCnt></geometObjs><topLvl><TopoLevCd value="001" Sync="TRUE"></TopoLevCd></topLvl></VectSpatRep></spatRepInfo><spdoinfo><ptvctinf><esriterm Name="znieff2"><efeatyp Sync="TRUE">Simple</efeatyp><efeageom code="4" Sync="TRUE"></efeageom><esritopo Sync="TRUE">FALSE</esritopo><efeacnt Sync="TRUE">0</efeacnt><spindex Sync="TRUE">FALSE</spindex><linrefer Sync="TRUE">FALSE</linrefer></esriterm></ptvctinf></spdoinfo><eainfo><detailed Name="znieff2"><enttyp><enttypl Sync="TRUE">znieff2</enttypl><enttypt Sync="TRUE">Feature Class</enttypt><enttypc Sync="TRUE">0</enttypc></enttyp><attr><attrlabl Sync="TRUE">FID</attrlabl><attalias Sync="TRUE">FID</attalias><attrtype Sync="TRUE">OID</attrtype><attwidth Sync="TRUE">4</attwidth><atprecis Sync="TRUE">0</atprecis><attscale Sync="TRUE">0</attscale><attrdef Sync="TRUE">Internal feature number.</attrdef><attrdefs Sync="TRUE">Esri</attrdefs><attrdomv><udom Sync="TRUE">Sequential unique whole numbers that are automatically generated.</udom></attrdomv></attr><attr><attrlabl Sync="TRUE">Shape</attrlabl><attalias Sync="TRUE">Shape</attalias><attrtype Sync="TRUE">Geometry</attrtype><attwidth Sync="TRUE">0</attwidth><atprecis Sync="TRUE">0</atprecis><attscale Sync="TRUE">0</attscale><attrdef Sync="TRUE">Feature geometry.</attrdef><attrdefs Sync="TRUE">Esri</attrdefs><attrdomv><udom Sync="TRUE">Coordinates defining the features.</udom></attrdomv></attr><attr><attrlabl Sync="TRUE">ID_MNHN</attrlabl><attalias Sync="TRUE">ID_MNHN</attalias><attrtype Sync="TRUE">String</attrtype><attwidth Sync="TRUE">9</attwidth><atprecis Sync="TRUE">0</atprecis><attscale Sync="TRUE">0</attscale></attr><attr><attrlabl Sync="TRUE">ID_ORG</attrlabl><attalias Sync="TRUE">ID_ORG</attalias><attrtype Sync="TRUE">String</attrtype><attwidth Sync="TRUE">15</attwidth><atprecis Sync="TRUE">0</atprecis><attscale Sync="TRUE">0</attscale></attr><attr><attrlabl Sync="TRUE">NOM</attrlabl><attalias Sync="TRUE">NOM</attalias><attrtype Sync="TRUE">String</attrtype><attwidth Sync="TRUE">160</attwidth><atprecis Sync="TRUE">0</atprecis><attscale Sync="TRUE">0</attscale></attr><attr><attrlabl Sync="TRUE">GENERATION</attrlabl><attalias Sync="TRUE">GENERATION</attalias><attrtype Sync="TRUE">SmallInteger</attrtype><attwidth Sync="TRUE">4</attwidth><atprecis Sync="TRUE">4</atprecis><attscale Sync="TRUE">0</attscale></attr><attr><attrlabl Sync="TRUE">Shape_Leng</attrlabl><attalias Sync="TRUE">Shape_Leng</attalias><attrtype Sync="TRUE">Double</attrtype><attwidth Sync="TRUE">19</attwidth><atprecis Sync="TRUE">0</atprecis><attscale Sync="TRUE">0</attscale></attr><attr><attrlabl Sync="TRUE">Shape_Area</attrlabl><attalias Sync="TRUE">Shape_Area</attalias><attrtype Sync="TRUE">Double</attrtype><attwidth Sync="TRUE">19</attwidth><atprecis Sync="TRUE">0</atprecis><attscale Sync="TRUE">0</attscale><attrdef Sync="TRUE">Area of feature in internal units squared.</attrdef><attrdefs Sync="TRUE">Esri</attrdefs><attrdomv><udom Sync="TRUE">Positive real numbers that are automatically generated.</udom></attrdomv></attr></detailed></eainfo><mdDateSt Sync="TRUE">20150205</mdDateSt></metadata>
